{
  "experiment": "delayed__gated__seed1",
  "task": "DelayedCategorizationTask",
  "model": "TwoRegionGatedRNN",
  "seed": 1,
  "D_J_mean": 0.0,
  "M_J_mean": 1.0,
  "E_J_mean": 1.0,
  "mechanism_class_mode": "(0,1)",
  "mechanism_class_counts": {
    "(0,1)": 1
  },
  "max_abs_delta_q_mean": 1.0590583086013794,
  "max_abs_direct_mean": 0.05121135711669922,
  "max_abs_modulation_mean": 0.8029302954673767,
  "auc_delta_q_mean": 34.60240173339844,
  "auc_direct_mean": 0.7374560236930847,
  "auc_modulation_mean": 11.393221855163574,
  "n_trials_total": 256,
  "trial_D_max_median": 0.04190412163734436,
  "trial_D_max_p90": 0.04924812912940979,
  "trial_M_max_median": 0.5957663059234619,
  "trial_M_max_p90": 0.7905995845794678,
  "trial_M_mean_median": 0.18720486760139465,
  "trial_M_mean_p90": 0.23986214399337769,
  "trial_E_max_median": 1.0196619033813477,
  "trial_E_max_p90": 1.0499286651611328,
  "frac_trials_D_above": 0.0,
  "frac_trials_M_above": 1.0,
  "frac_trials_E_above": 1.0
}