{
  "run_name": "delayed__additive__seed1",
  "task": "DelayedCategorizationTask",
  "model": "TwoRegionAdditiveRNN",
  "seed": 1,
  "best_val_accuracy": 1.0,
  "best_step": 300.0,
  "mechanism_class_mode": "(0,1)",
  "strategy_label": "(0,1)",
  "threshold_robustness": "leaning (0,1)",
  "threshold_robustness_maxmean": "leaning (0,1)",
  "task_profile": {
    "experiment": "delayed__additive__seed1",
    "task": "DelayedCategorizationTask",
    "n": 256,
    "primary": "stimulus",
    "outcome": "response",
    "strict": true,
    "d_onset": 17.7,
    "m_onset": 41.2,
    "q_onset": 24.5,
    "uc_raw_d": 0.3022,
    "uc_raw_m": 0.2921,
    "uc_d_unique_of_m": 0.1322,
    "uc_d_unique_p": 0.034445,
    "uc_m_unique_of_d": -0.1207,
    "uc_m_unique_p": 0.05373
  },
  "mechanism_summary": {
    "experiment": "delayed__additive__seed1",
    "task": "DelayedCategorizationTask",
    "model": "TwoRegionAdditiveRNN",
    "seed": 1,
    "D_J_mean": 0.0,
    "M_J_mean": 1.0,
    "E_J_mean": 1.0,
    "mechanism_class_mode": "(0,1)",
    "mechanism_class_counts": {
      "(0,1)": 1
    },
    "max_abs_delta_q_mean": 1.0480786561965942,
    "max_abs_direct_mean": 0.05191335082054138,
    "max_abs_modulation_mean": 0.9065455794334412,
    "auc_delta_q_mean": 33.908180236816406,
    "auc_direct_mean": 1.1263060569763184,
    "auc_modulation_mean": 13.50068473815918,
    "n_trials_total": 256,
    "trial_D_max_median": 0.044685155153274536,
    "trial_D_max_p90": 0.05067342519760132,
    "trial_M_max_median": 0.8453965187072754,
    "trial_M_max_p90": 0.8907056450843811,
    "trial_M_mean_median": 0.23007820546627045,
    "trial_M_mean_p90": 0.25792640447616577,
    "trial_E_max_median": 1.0268614292144775,
    "trial_E_max_p90": 1.0439248085021973,
    "frac_trials_D_above": 0.0,
    "frac_trials_M_above": 1.0,
    "frac_trials_E_above": 1.0
  },
  "eval_metrics": {
    "D_J": 0,
    "M_J": 1,
    "E_J": 1,
    "mechanism_class": "(0,1)",
    "max_abs_delta_q": 1.0480786561965942,
    "mean_abs_delta_q": 0.5293815732002258,
    "auc_delta_q": 33.908180236816406,
    "time_to_divergence_mean": 22.85546875,
    "max_abs_direct": 0.05191335082054138,
    "mean_abs_direct": 0.01757335104048252,
    "auc_direct": 1.1263060569763184,
    "max_abs_modulation": 0.9065455794334412,
    "mean_abs_modulation": 0.21411782503128052,
    "auc_modulation": 13.50068473815918
  }
}