{
  "experiment": "delayed__additive__seed1",
  "task": "DelayedCategorizationTask",
  "model": "TwoRegionAdditiveRNN",
  "seed": 1,
  "D_J_mean": 0.0,
  "M_J_mean": 1.0,
  "E_J_mean": 1.0,
  "mechanism_class_mode": "(0,1)",
  "mechanism_class_counts": {
    "(0,1)": 1
  },
  "max_abs_delta_q_mean": 1.0480786561965942,
  "max_abs_direct_mean": 0.05191335082054138,
  "max_abs_modulation_mean": 0.9065455794334412,
  "auc_delta_q_mean": 33.908180236816406,
  "auc_direct_mean": 1.1263060569763184,
  "auc_modulation_mean": 13.50068473815918,
  "n_trials_total": 256,
  "trial_D_max_median": 0.044685155153274536,
  "trial_D_max_p90": 0.05067342519760132,
  "trial_M_max_median": 0.8453965187072754,
  "trial_M_max_p90": 0.8907056450843811,
  "trial_M_mean_median": 0.23007820546627045,
  "trial_M_mean_p90": 0.25792640447616577,
  "trial_E_max_median": 1.0268614292144775,
  "trial_E_max_p90": 1.0439248085021973,
  "frac_trials_D_above": 0.0,
  "frac_trials_M_above": 1.0,
  "frac_trials_E_above": 1.0
}