{
  "run_name": "binary__additive__seed2",
  "task": "BinaryCategorizationTask",
  "model": "TwoRegionAdditiveRNN",
  "seed": 2,
  "best_val_accuracy": 1.0,
  "best_step": 200.0,
  "mechanism_class_mode": "(1,1)",
  "strategy_label": "(1,1)",
  "threshold_robustness": "leaning (1,1)",
  "threshold_robustness_maxmean": "leaning (0,1)",
  "task_profile": {
    "experiment": "binary__additive__seed2",
    "task": "BinaryCategorizationTask",
    "n": 256,
    "primary": "stimulus",
    "outcome": "response",
    "strict": true,
    "d_onset": 14.1,
    "m_onset": 32.5,
    "q_onset": 19.3,
    "uc_raw_d": 0.5736,
    "uc_raw_m": 0.2928,
    "uc_d_unique_of_m": 0.8324,
    "uc_d_unique_p": 0.0,
    "uc_m_unique_of_d": -0.261,
    "uc_m_unique_p": 2.3e-05
  },
  "mechanism_summary": {
    "experiment": "binary__additive__seed2",
    "task": "BinaryCategorizationTask",
    "model": "TwoRegionAdditiveRNN",
    "seed": 2,
    "D_J_mean": 1.0,
    "M_J_mean": 1.0,
    "E_J_mean": 1.0,
    "mechanism_class_mode": "(1,1)",
    "mechanism_class_counts": {
      "(1,1)": 1
    },
    "max_abs_delta_q_mean": 1.0906341075897217,
    "max_abs_direct_mean": 0.09094357490539551,
    "max_abs_modulation_mean": 1.2572253942489624,
    "auc_delta_q_mean": 25.68973731994629,
    "auc_direct_mean": 1.2269562482833862,
    "auc_modulation_mean": 13.384429931640625,
    "n_trials_total": 256,
    "trial_D_max_median": 0.07145524024963379,
    "trial_D_max_p90": 0.08618521690368652,
    "trial_M_max_median": 1.0803368091583252,
    "trial_M_max_p90": 1.2353543043136597,
    "trial_M_mean_median": 0.2970759868621826,
    "trial_M_mean_p90": 0.3611394762992859,
    "trial_E_max_median": 1.0386930704116821,
    "trial_E_max_p90": 1.0736607313156128,
    "frac_trials_D_above": 0.78515625,
    "frac_trials_M_above": 1.0,
    "frac_trials_E_above": 1.0
  },
  "eval_metrics": {
    "D_J": 1,
    "M_J": 1,
    "E_J": 1,
    "mechanism_class": "(1,1)",
    "max_abs_delta_q": 1.0906341075897217,
    "mean_abs_delta_q": 0.5238351821899414,
    "auc_delta_q": 25.68973731994629,
    "time_to_divergence_mean": 17.98046875,
    "max_abs_direct": 0.09094357490539551,
    "mean_abs_direct": 0.02478206716477871,
    "auc_direct": 1.2269562482833862,
    "max_abs_modulation": 1.2572253942489624,
    "mean_abs_modulation": 0.27846190333366394,
    "auc_modulation": 13.384429931640625
  }
}