{
  "experiment": "binary__additive__seed2",
  "task": "BinaryCategorizationTask",
  "model": "TwoRegionAdditiveRNN",
  "seed": 2,
  "D_J_mean": 1.0,
  "M_J_mean": 1.0,
  "E_J_mean": 1.0,
  "mechanism_class_mode": "(1,1)",
  "mechanism_class_counts": {
    "(1,1)": 1
  },
  "max_abs_delta_q_mean": 1.0906341075897217,
  "max_abs_direct_mean": 0.09094357490539551,
  "max_abs_modulation_mean": 1.2572253942489624,
  "auc_delta_q_mean": 25.68973731994629,
  "auc_direct_mean": 1.2269562482833862,
  "auc_modulation_mean": 13.384429931640625,
  "n_trials_total": 256,
  "trial_D_max_median": 0.07145524024963379,
  "trial_D_max_p90": 0.08618521690368652,
  "trial_M_max_median": 1.0803368091583252,
  "trial_M_max_p90": 1.2353543043136597,
  "trial_M_mean_median": 0.2970759868621826,
  "trial_M_mean_p90": 0.3611394762992859,
  "trial_E_max_median": 1.0386930704116821,
  "trial_E_max_p90": 1.0736607313156128,
  "frac_trials_D_above": 0.78515625,
  "frac_trials_M_above": 1.0,
  "frac_trials_E_above": 1.0
}