{
  "run_name": "context__gated__seed1",
  "task": "ContextDependentDecisionTask",
  "model": "TwoRegionGatedRNN",
  "seed": 1,
  "best_val_accuracy": 1.0,
  "best_step": 400.0,
  "mechanism_class_mode": "(1,1)",
  "strategy_label": "(1,1)",
  "threshold_robustness": "leaning (1,1)",
  "threshold_robustness_maxmean": "leaning (1,1)",
  "task_profile": {
    "experiment": "context__gated__seed1",
    "n": 256,
    "m_div": 20,
    "q_div": 11
  },
  "mechanism_summary": {
    "experiment": "context__gated__seed1",
    "task": "ContextDependentDecisionTask",
    "model": "TwoRegionGatedRNN",
    "seed": 1,
    "D_J_mean": 1.0,
    "M_J_mean": 1.0,
    "E_J_mean": 1.0,
    "mechanism_class_mode": "(1,1)",
    "mechanism_class_counts": {
      "(1,1)": 1
    },
    "max_abs_delta_q_mean": 1.3670707941055298,
    "max_abs_direct_mean": 0.11504051089286804,
    "max_abs_modulation_mean": 1.3059303760528564,
    "auc_delta_q_mean": 30.414215087890625,
    "auc_direct_mean": 1.4436609745025635,
    "auc_modulation_mean": 9.103679656982422,
    "n_trials_total": 256,
    "trial_D_max_median": 0.057214975357055664,
    "trial_D_max_p90": 0.10700038075447083,
    "trial_M_max_median": 0.4264095425605774,
    "trial_M_max_p90": 0.7593047618865967,
    "trial_M_mean_median": 0.1507970243692398,
    "trial_M_mean_p90": 0.28984135389328003,
    "trial_E_max_median": 1.0432320833206177,
    "trial_E_max_p90": 1.307935118675232,
    "frac_trials_D_above": 0.46875,
    "frac_trials_M_above": 1.0,
    "frac_trials_E_above": 1.0
  },
  "eval_metrics": {
    "D_J": 1,
    "M_J": 1,
    "E_J": 1,
    "mechanism_class": "(1,1)",
    "max_abs_delta_q": 1.3670707941055298,
    "mean_abs_delta_q": 0.5326967835426331,
    "auc_delta_q": 30.414215087890625,
    "time_to_divergence_mean": 18.921875,
    "max_abs_direct": 0.11504051089286804,
    "mean_abs_direct": 0.02503122389316559,
    "auc_direct": 1.4436609745025635,
    "max_abs_modulation": 1.3059303760528564,
    "mean_abs_modulation": 0.15979433059692383,
    "auc_modulation": 9.103679656982422
  }
}