{
  "run_name": "delayed__gated__seed3",
  "task": "DelayedCategorizationTask",
  "model": "TwoRegionGatedRNN",
  "seed": 3,
  "best_val_accuracy": 1.0,
  "best_step": 300.0,
  "mechanism_class_mode": "(0,1)",
  "strategy_label": "(0,1)",
  "threshold_robustness": "leaning (0,1)",
  "threshold_robustness_maxmean": "leaning (0,1)",
  "task_profile": {
    "experiment": "delayed__gated__seed3",
    "task": "DelayedCategorizationTask",
    "n": 256,
    "primary": "stimulus",
    "outcome": "response",
    "strict": true,
    "d_onset": 18.8,
    "m_onset": 39.3,
    "q_onset": 24.5,
    "uc_raw_d": 0.0788,
    "uc_raw_m": 0.0755,
    "uc_d_unique_of_m": 0.0799,
    "uc_d_unique_p": 0.202437,
    "uc_m_unique_of_d": -0.0597,
    "uc_m_unique_p": 0.341668
  },
  "mechanism_summary": {
    "experiment": "delayed__gated__seed3",
    "task": "DelayedCategorizationTask",
    "model": "TwoRegionGatedRNN",
    "seed": 3,
    "D_J_mean": 0.0,
    "M_J_mean": 1.0,
    "E_J_mean": 1.0,
    "mechanism_class_mode": "(0,1)",
    "mechanism_class_counts": {
      "(0,1)": 1
    },
    "max_abs_delta_q_mean": 1.0828183889389038,
    "max_abs_direct_mean": 0.059699833393096924,
    "max_abs_modulation_mean": 1.1058710813522339,
    "auc_delta_q_mean": 33.36869812011719,
    "auc_direct_mean": 1.2025529146194458,
    "auc_modulation_mean": 16.530723571777344,
    "n_trials_total": 256,
    "trial_D_max_median": 0.045286983251571655,
    "trial_D_max_p90": 0.05764538049697876,
    "trial_M_max_median": 0.8417106866836548,
    "trial_M_max_p90": 1.0982197523117065,
    "trial_M_mean_median": 0.27506178617477417,
    "trial_M_mean_p90": 0.35685592889785767,
    "trial_E_max_median": 0.9566859006881714,
    "trial_E_max_p90": 1.060248613357544,
    "frac_trials_D_above": 0.0,
    "frac_trials_M_above": 1.0,
    "frac_trials_E_above": 1.0
  },
  "eval_metrics": {
    "D_J": 0,
    "M_J": 1,
    "E_J": 1,
    "mechanism_class": "(0,1)",
    "max_abs_delta_q": 1.0828183889389038,
    "mean_abs_delta_q": 0.5209022164344788,
    "auc_delta_q": 33.36869812011719,
    "time_to_divergence_mean": 22.8828125,
    "max_abs_direct": 0.059699833393096924,
    "mean_abs_direct": 0.018683595582842827,
    "auc_direct": 1.2025529146194458,
    "max_abs_modulation": 1.1058710813522339,
    "mean_abs_modulation": 0.2613951861858368,
    "auc_modulation": 16.530723571777344
  }
}