{
  "run_name": "delayed__additive__seed3",
  "task": "DelayedCategorizationTask",
  "model": "TwoRegionAdditiveRNN",
  "seed": 3,
  "best_val_accuracy": 1.0,
  "best_step": 300.0,
  "mechanism_class_mode": "(0,1)",
  "strategy_label": "(0,1)",
  "threshold_robustness": "leaning (0,1)",
  "threshold_robustness_maxmean": "robust (0,1)",
  "task_profile": {
    "experiment": "delayed__additive__seed3",
    "task": "DelayedCategorizationTask",
    "n": 256,
    "primary": "stimulus",
    "outcome": "response",
    "strict": true,
    "d_onset": 17.8,
    "m_onset": 41.3,
    "q_onset": 24.7,
    "uc_raw_d": 0.2719,
    "uc_raw_m": 0.2617,
    "uc_d_unique_of_m": 0.2297,
    "uc_d_unique_p": 0.000209,
    "uc_m_unique_of_d": -0.1244,
    "uc_m_unique_p": 0.046843
  },
  "mechanism_summary": {
    "experiment": "delayed__additive__seed3",
    "task": "DelayedCategorizationTask",
    "model": "TwoRegionAdditiveRNN",
    "seed": 3,
    "D_J_mean": 0.0,
    "M_J_mean": 1.0,
    "E_J_mean": 1.0,
    "mechanism_class_mode": "(0,1)",
    "mechanism_class_counts": {
      "(0,1)": 1
    },
    "max_abs_delta_q_mean": 1.052021861076355,
    "max_abs_direct_mean": 0.045879244804382324,
    "max_abs_modulation_mean": 0.5481143593788147,
    "auc_delta_q_mean": 34.000579833984375,
    "auc_direct_mean": 0.7282251119613647,
    "auc_modulation_mean": 9.428646087646484,
    "n_trials_total": 256,
    "trial_D_max_median": 0.038403868675231934,
    "trial_D_max_p90": 0.044105976819992065,
    "trial_M_max_median": 0.5388269424438477,
    "trial_M_max_p90": 0.5458344221115112,
    "trial_M_mean_median": 0.16124138236045837,
    "trial_M_mean_p90": 0.18247035145759583,
    "trial_E_max_median": 1.0151174068450928,
    "trial_E_max_p90": 1.050458550453186,
    "frac_trials_D_above": 0.0,
    "frac_trials_M_above": 1.0,
    "frac_trials_E_above": 1.0
  },
  "eval_metrics": {
    "D_J": 0,
    "M_J": 1,
    "E_J": 1,
    "mechanism_class": "(0,1)",
    "max_abs_delta_q": 1.052021861076355,
    "mean_abs_delta_q": 0.5307948589324951,
    "auc_delta_q": 34.000579833984375,
    "time_to_divergence_mean": 22.984375,
    "max_abs_direct": 0.045879244804382324,
    "mean_abs_direct": 0.01126424502581358,
    "auc_direct": 0.7282251119613647,
    "max_abs_modulation": 0.5481143593788147,
    "mean_abs_modulation": 0.14909006655216217,
    "auc_modulation": 9.428646087646484
  }
}