{
  "D_J": 1,
  "M_J": 0,
  "E_J": 1,
  "mechanism_class": "(1,0)",
  "max_abs_delta_q": 1.2146601676940918,
  "mean_abs_delta_q": 0.2776229679584503,
  "time_to_divergence_mean": 22.375,
  "max_abs_direct": 0.07816779613494873,
  "mean_abs_direct": 0.02347361110150814,
  "max_abs_modulation": 0.03395658731460571,
  "mean_abs_modulation": 0.0056131635792553425
}