{
  "experiment": "context__additive__seed3",
  "task": "ContextDependentDecisionTask",
  "model": "TwoRegionAdditiveRNN",
  "seed": 3,
  "D_J_mean": 1.0,
  "M_J_mean": 1.0,
  "E_J_mean": 1.0,
  "mechanism_class_mode": "(1,1)",
  "mechanism_class_counts": {
    "(1,1)": 1
  },
  "max_abs_delta_q_mean": 1.6193956136703491,
  "max_abs_direct_mean": 0.0710105299949646,
  "max_abs_modulation_mean": 1.5129611492156982,
  "auc_delta_q_mean": 32.175392150878906,
  "auc_direct_mean": 1.1949493885040283,
  "auc_modulation_mean": 14.921048164367676,
  "n_trials_total": 256,
  "trial_D_max_median": 0.03934374451637268,
  "trial_D_max_p90": 0.06707364320755005,
  "trial_M_max_median": 0.6420133113861084,
  "trial_M_max_p90": 1.2624824047088623,
  "trial_M_mean_median": 0.2265065312385559,
  "trial_M_mean_p90": 0.5227890014648438,
  "trial_E_max_median": 1.147867202758789,
  "trial_E_max_p90": 1.490752935409546,
  "frac_trials_D_above": 0.26953125,
  "frac_trials_M_above": 1.0,
  "frac_trials_E_above": 1.0
}