{
  "run_name": "redundant__additive__seed1",
  "task": "RedundantInputControlTask",
  "model": "TwoRegionAdditiveRNN",
  "seed": 1,
  "best_val_accuracy": 1.0,
  "best_step": 300.0,
  "mechanism_class_mode": "(1,1)",
  "strategy_label": "(1,1)",
  "threshold_robustness": "leaning (1,1)",
  "threshold_robustness_maxmean": "robust (0,1)",
  "task_profile": {
    "experiment": "redundant__additive__seed1",
    "task": "RedundantInputControlTask",
    "n": 256,
    "primary": "stimulus",
    "outcome": "response",
    "strict": true,
    "d_onset": 14.2,
    "m_onset": 29.5,
    "q_onset": 17.4,
    "uc_raw_d": 0.8024,
    "uc_raw_m": 0.2491,
    "uc_d_unique_of_m": 0.916,
    "uc_d_unique_p": 0.0,
    "uc_m_unique_of_d": -0.4118,
    "uc_m_unique_p": 0.0
  },
  "mechanism_summary": {
    "experiment": "redundant__additive__seed1",
    "task": "RedundantInputControlTask",
    "model": "TwoRegionAdditiveRNN",
    "seed": 1,
    "D_J_mean": 1.0,
    "M_J_mean": 1.0,
    "E_J_mean": 1.0,
    "mechanism_class_mode": "(1,1)",
    "mechanism_class_counts": {
      "(1,1)": 1
    },
    "max_abs_delta_q_mean": 0.9664429426193237,
    "max_abs_direct_mean": 0.08195221424102783,
    "max_abs_modulation_mean": 1.3110864162445068,
    "auc_delta_q_mean": 14.556051254272461,
    "auc_direct_mean": 0.856968104839325,
    "auc_modulation_mean": 15.247151374816895,
    "n_trials_total": 256,
    "trial_D_max_median": 0.07161322236061096,
    "trial_D_max_p90": 0.08026355504989624,
    "trial_M_max_median": 1.1665937900543213,
    "trial_M_max_p90": 1.2848159074783325,
    "trial_M_mean_median": 0.3540097773075104,
    "trial_M_mean_p90": 0.41777676343917847,
    "trial_E_max_median": 0.743290901184082,
    "trial_E_max_p90": 0.8311546444892883,
    "frac_trials_D_above": 0.91796875,
    "frac_trials_M_above": 1.0,
    "frac_trials_E_above": 1.0
  },
  "eval_metrics": {
    "D_J": 1,
    "M_J": 1,
    "E_J": 1,
    "mechanism_class": "(1,1)",
    "max_abs_delta_q": 0.9664429426193237,
    "mean_abs_delta_q": 0.3068883717060089,
    "auc_delta_q": 14.556051254272461,
    "time_to_divergence_mean": 17.46875,
    "max_abs_direct": 0.08195221424102783,
    "mean_abs_direct": 0.01788378320634365,
    "auc_direct": 0.856968104839325,
    "max_abs_modulation": 1.3110864162445068,
    "mean_abs_modulation": 0.32949507236480713,
    "auc_modulation": 15.247151374816895
  }
}