{
  "experiment": "redundant__additive__seed1",
  "task": "RedundantInputControlTask",
  "model": "TwoRegionAdditiveRNN",
  "seed": 1,
  "D_J_mean": 1.0,
  "M_J_mean": 1.0,
  "E_J_mean": 1.0,
  "mechanism_class_mode": "(1,1)",
  "mechanism_class_counts": {
    "(1,1)": 1
  },
  "max_abs_delta_q_mean": 0.9664429426193237,
  "max_abs_direct_mean": 0.08195221424102783,
  "max_abs_modulation_mean": 1.3110864162445068,
  "auc_delta_q_mean": 14.556051254272461,
  "auc_direct_mean": 0.856968104839325,
  "auc_modulation_mean": 15.247151374816895,
  "n_trials_total": 256,
  "trial_D_max_median": 0.07161322236061096,
  "trial_D_max_p90": 0.08026355504989624,
  "trial_M_max_median": 1.1665937900543213,
  "trial_M_max_p90": 1.2848159074783325,
  "trial_M_mean_median": 0.3540097773075104,
  "trial_M_mean_p90": 0.41777676343917847,
  "trial_E_max_median": 0.743290901184082,
  "trial_E_max_p90": 0.8311546444892883,
  "frac_trials_D_above": 0.91796875,
  "frac_trials_M_above": 1.0,
  "frac_trials_E_above": 1.0
}