{
  "run_name": "binary__gated__seed1",
  "task": "BinaryCategorizationTask",
  "model": "TwoRegionGatedRNN",
  "seed": 1,
  "best_val_accuracy": 1.0,
  "best_step": 250.0,
  "mechanism_class_mode": "(1,1)",
  "strategy_label": "(1,1)",
  "threshold_robustness": "leaning (1,1)",
  "threshold_robustness_maxmean": "leaning (0,1)",
  "task_profile": {
    "experiment": "binary__gated__seed1",
    "task": "BinaryCategorizationTask",
    "n": 256,
    "primary": "stimulus",
    "outcome": "response",
    "strict": true,
    "d_onset": 14.5,
    "m_onset": 31.9,
    "q_onset": 19.0,
    "uc_raw_d": 0.4552,
    "uc_raw_m": 0.0559,
    "uc_d_unique_of_m": 0.7863,
    "uc_d_unique_p": 0.0,
    "uc_m_unique_of_d": -0.3897,
    "uc_m_unique_p": 0.0
  },
  "mechanism_summary": {
    "experiment": "binary__gated__seed1",
    "task": "BinaryCategorizationTask",
    "model": "TwoRegionGatedRNN",
    "seed": 1,
    "D_J_mean": 1.0,
    "M_J_mean": 1.0,
    "E_J_mean": 1.0,
    "mechanism_class_mode": "(1,1)",
    "mechanism_class_counts": {
      "(1,1)": 1
    },
    "max_abs_delta_q_mean": 1.093098759651184,
    "max_abs_direct_mean": 0.10273981094360352,
    "max_abs_modulation_mean": 1.7238099575042725,
    "auc_delta_q_mean": 26.30290985107422,
    "auc_direct_mean": 1.0744553804397583,
    "auc_modulation_mean": 17.912174224853516,
    "n_trials_total": 256,
    "trial_D_max_median": 0.0837247371673584,
    "trial_D_max_p90": 0.09719213843345642,
    "trial_M_max_median": 1.3377530574798584,
    "trial_M_max_p90": 1.7021477222442627,
    "trial_M_mean_median": 0.3893136978149414,
    "trial_M_mean_p90": 0.5107084512710571,
    "trial_E_max_median": 1.0552952289581299,
    "trial_E_max_p90": 1.081373691558838,
    "frac_trials_D_above": 0.95703125,
    "frac_trials_M_above": 1.0,
    "frac_trials_E_above": 1.0
  },
  "eval_metrics": {
    "D_J": 1,
    "M_J": 1,
    "E_J": 1,
    "mechanism_class": "(1,1)",
    "max_abs_delta_q": 1.093098759651184,
    "mean_abs_delta_q": 0.5361894369125366,
    "auc_delta_q": 26.30290985107422,
    "time_to_divergence_mean": 17.78515625,
    "max_abs_direct": 0.10273981094360352,
    "mean_abs_direct": 0.021552398800849915,
    "auc_direct": 1.0744553804397583,
    "max_abs_modulation": 1.7238099575042725,
    "mean_abs_modulation": 0.37231865525245667,
    "auc_modulation": 17.912174224853516
  }
}