{
  "experiment": "context__additive__seed1",
  "task": "ContextDependentDecisionTask",
  "model": "TwoRegionAdditiveRNN",
  "seed": 1,
  "D_J_mean": 1.0,
  "M_J_mean": 1.0,
  "E_J_mean": 1.0,
  "mechanism_class_mode": "(1,1)",
  "mechanism_class_counts": {
    "(1,1)": 1
  },
  "max_abs_delta_q_mean": 1.276138424873352,
  "max_abs_direct_mean": 0.08049297332763672,
  "max_abs_modulation_mean": 1.6833274364471436,
  "auc_delta_q_mean": 29.974838256835938,
  "auc_direct_mean": 0.9454582929611206,
  "auc_modulation_mean": 10.686198234558105,
  "n_trials_total": 256,
  "trial_D_max_median": 0.04035493731498718,
  "trial_D_max_p90": 0.06962915509939194,
  "trial_M_max_median": 0.5243663787841797,
  "trial_M_max_p90": 1.0767494440078735,
  "trial_M_mean_median": 0.17750325798988342,
  "trial_M_mean_p90": 0.3413364291191101,
  "trial_E_max_median": 1.1024715900421143,
  "trial_E_max_p90": 1.1715977191925049,
  "frac_trials_D_above": 0.19140625,
  "frac_trials_M_above": 1.0,
  "frac_trials_E_above": 1.0
}