{
  "run_name": "redundant__gated__seed1",
  "task": "RedundantInputControlTask",
  "model": "TwoRegionGatedRNN",
  "seed": 1,
  "best_val_accuracy": 1.0,
  "best_step": 250.0,
  "mechanism_class_mode": "(1,1)",
  "strategy_label": "(1,1)",
  "threshold_robustness": "leaning (1,1)",
  "threshold_robustness_maxmean": "leaning (0,1)",
  "task_profile": {
    "experiment": "redundant__gated__seed1",
    "task": "RedundantInputControlTask",
    "n": 256,
    "primary": "stimulus",
    "outcome": "response",
    "strict": true,
    "d_onset": 14.4,
    "m_onset": 29.4,
    "q_onset": 17.8,
    "uc_raw_d": 0.4357,
    "uc_raw_m": 0.2117,
    "uc_d_unique_of_m": 0.8981,
    "uc_d_unique_p": 0.0,
    "uc_m_unique_of_d": -0.7981,
    "uc_m_unique_p": 0.0
  },
  "mechanism_summary": {
    "experiment": "redundant__gated__seed1",
    "task": "RedundantInputControlTask",
    "model": "TwoRegionGatedRNN",
    "seed": 1,
    "D_J_mean": 1.0,
    "M_J_mean": 1.0,
    "E_J_mean": 1.0,
    "mechanism_class_mode": "(1,1)",
    "mechanism_class_counts": {
      "(1,1)": 1
    },
    "max_abs_delta_q_mean": 0.9612110257148743,
    "max_abs_direct_mean": 0.0788760781288147,
    "max_abs_modulation_mean": 1.3072295188903809,
    "auc_delta_q_mean": 18.499353408813477,
    "auc_direct_mean": 1.471010684967041,
    "auc_modulation_mean": 16.393035888671875,
    "n_trials_total": 256,
    "trial_D_max_median": 0.06910806894302368,
    "trial_D_max_p90": 0.07714232802391052,
    "trial_M_max_median": 1.2154819965362549,
    "trial_M_max_p90": 1.299910545349121,
    "trial_M_mean_median": 0.3640487492084503,
    "trial_M_mean_p90": 0.4598199725151062,
    "trial_E_max_median": 0.8402987718582153,
    "trial_E_max_p90": 0.9235286712646484,
    "frac_trials_D_above": 0.92578125,
    "frac_trials_M_above": 1.0,
    "frac_trials_E_above": 1.0
  },
  "eval_metrics": {
    "D_J": 1,
    "M_J": 1,
    "E_J": 1,
    "mechanism_class": "(1,1)",
    "max_abs_delta_q": 0.9612110257148743,
    "mean_abs_delta_q": 0.3919704258441925,
    "auc_delta_q": 18.499353408813477,
    "time_to_divergence_mean": 17.6171875,
    "max_abs_direct": 0.0788760781288147,
    "mean_abs_direct": 0.031058231368660927,
    "auc_direct": 1.471010684967041,
    "max_abs_modulation": 1.3072295188903809,
    "mean_abs_modulation": 0.3539336919784546,
    "auc_modulation": 16.393035888671875
  }
}