{
  "experiment": "binary__additive__seed1",
  "task": "BinaryCategorizationTask",
  "model": "TwoRegionAdditiveRNN",
  "seed": 1,
  "D_J_mean": 1.0,
  "M_J_mean": 1.0,
  "E_J_mean": 1.0,
  "mechanism_class_mode": "(1,1)",
  "mechanism_class_counts": {
    "(1,1)": 1
  },
  "max_abs_delta_q_mean": 1.110927700996399,
  "max_abs_direct_mean": 0.11535197496414185,
  "max_abs_modulation_mean": 1.660101294517517,
  "auc_delta_q_mean": 26.23765754699707,
  "auc_direct_mean": 1.4755033254623413,
  "auc_modulation_mean": 17.279611587524414,
  "n_trials_total": 256,
  "trial_D_max_median": 0.09785008430480957,
  "trial_D_max_p90": 0.1105344295501709,
  "trial_M_max_median": 1.5012929439544678,
  "trial_M_max_p90": 1.630853295326233,
  "trial_M_mean_median": 0.38315045833587646,
  "trial_M_mean_p90": 0.47696012258529663,
  "trial_E_max_median": 1.0595983266830444,
  "trial_E_max_p90": 1.1001081466674805,
  "frac_trials_D_above": 1.0,
  "frac_trials_M_above": 1.0,
  "frac_trials_E_above": 1.0
}