{
  "run_name": "binary__additive__seed3",
  "task": "BinaryCategorizationTask",
  "model": "TwoRegionAdditiveRNN",
  "seed": 3,
  "best_val_accuracy": 1.0,
  "best_step": 300.0,
  "mechanism_class_mode": "(1,1)",
  "strategy_label": "(1,1)",
  "threshold_robustness": "leaning (1,1)",
  "threshold_robustness_maxmean": "leaning (0,1)",
  "task_profile": {
    "experiment": "binary__additive__seed3",
    "task": "BinaryCategorizationTask",
    "n": 256,
    "primary": "stimulus",
    "outcome": "response",
    "strict": true,
    "d_onset": 14.8,
    "m_onset": 31.5,
    "q_onset": 19.5,
    "uc_raw_d": 0.5089,
    "uc_raw_m": 0.1916,
    "uc_d_unique_of_m": 0.6135,
    "uc_d_unique_p": 0.0,
    "uc_m_unique_of_d": -0.1572,
    "uc_m_unique_p": 0.011797
  },
  "mechanism_summary": {
    "experiment": "binary__additive__seed3",
    "task": "BinaryCategorizationTask",
    "model": "TwoRegionAdditiveRNN",
    "seed": 3,
    "D_J_mean": 1.0,
    "M_J_mean": 1.0,
    "E_J_mean": 1.0,
    "mechanism_class_mode": "(1,1)",
    "mechanism_class_counts": {
      "(1,1)": 1
    },
    "max_abs_delta_q_mean": 1.0872724056243896,
    "max_abs_direct_mean": 0.09125512838363647,
    "max_abs_modulation_mean": 1.5238810777664185,
    "auc_delta_q_mean": 25.632036209106445,
    "auc_direct_mean": 0.9272090196609497,
    "auc_modulation_mean": 18.351673126220703,
    "n_trials_total": 256,
    "trial_D_max_median": 0.07641667127609253,
    "trial_D_max_p90": 0.08730068802833557,
    "trial_M_max_median": 1.4767284393310547,
    "trial_M_max_p90": 1.5117733478546143,
    "trial_M_mean_median": 0.4110725522041321,
    "trial_M_mean_p90": 0.4816209077835083,
    "trial_E_max_median": 1.02805495262146,
    "trial_E_max_p90": 1.0820896625518799,
    "frac_trials_D_above": 0.9609375,
    "frac_trials_M_above": 1.0,
    "frac_trials_E_above": 1.0
  },
  "eval_metrics": {
    "D_J": 1,
    "M_J": 1,
    "E_J": 1,
    "mechanism_class": "(1,1)",
    "max_abs_delta_q": 1.0872724056243896,
    "mean_abs_delta_q": 0.5226521492004395,
    "auc_delta_q": 25.632036209106445,
    "time_to_divergence_mean": 18.23046875,
    "max_abs_direct": 0.09125512838363647,
    "mean_abs_direct": 0.01860041916370392,
    "auc_direct": 0.9272090196609497,
    "max_abs_modulation": 1.5238810777664185,
    "mean_abs_modulation": 0.3813456594944,
    "auc_modulation": 18.351673126220703
  }
}