{
  "experiment": "context__gated__seed2",
  "task": "ContextDependentDecisionTask",
  "model": "TwoRegionGatedRNN",
  "seed": 2,
  "D_J_mean": 1.0,
  "M_J_mean": 1.0,
  "E_J_mean": 1.0,
  "mechanism_class_mode": "(1,1)",
  "mechanism_class_counts": {
    "(1,1)": 1
  },
  "max_abs_delta_q_mean": 1.2080790996551514,
  "max_abs_direct_mean": 0.09461963176727295,
  "max_abs_modulation_mean": 0.9573780298233032,
  "auc_delta_q_mean": 30.395092010498047,
  "auc_direct_mean": 1.2567976713180542,
  "auc_modulation_mean": 6.868523597717285,
  "n_trials_total": 256,
  "trial_D_max_median": 0.06417134404182434,
  "trial_D_max_p90": 0.08416661620140076,
  "trial_M_max_median": 0.38171303272247314,
  "trial_M_max_p90": 0.6926229596138,
  "trial_M_mean_median": 0.11550599336624146,
  "trial_M_mean_p90": 0.2027178406715393,
  "trial_E_max_median": 1.06489896774292,
  "trial_E_max_p90": 1.1437145471572876,
  "frac_trials_D_above": 0.5625,
  "frac_trials_M_above": 1.0,
  "frac_trials_E_above": 1.0
}