{
  "run_name": "binary__gated__seed2",
  "task": "BinaryCategorizationTask",
  "model": "TwoRegionGatedRNN",
  "seed": 2,
  "best_val_accuracy": 1.0,
  "best_step": 300.0,
  "mechanism_class_mode": "(1,1)",
  "strategy_label": "(1,1)",
  "threshold_robustness": "leaning (1,1)",
  "threshold_robustness_maxmean": "leaning (0,1)",
  "task_profile": {
    "experiment": "binary__gated__seed2",
    "task": "BinaryCategorizationTask",
    "n": 256,
    "primary": "stimulus",
    "outcome": "response",
    "strict": true,
    "d_onset": 15.6,
    "m_onset": 31.7,
    "q_onset": 19.8,
    "uc_raw_d": 0.6884,
    "uc_raw_m": 0.388,
    "uc_d_unique_of_m": 0.9202,
    "uc_d_unique_p": 0.0,
    "uc_m_unique_of_d": -0.8082,
    "uc_m_unique_p": 0.0
  },
  "mechanism_summary": {
    "experiment": "binary__gated__seed2",
    "task": "BinaryCategorizationTask",
    "model": "TwoRegionGatedRNN",
    "seed": 2,
    "D_J_mean": 1.0,
    "M_J_mean": 1.0,
    "E_J_mean": 1.0,
    "mechanism_class_mode": "(1,1)",
    "mechanism_class_counts": {
      "(1,1)": 1
    },
    "max_abs_delta_q_mean": 1.0568344593048096,
    "max_abs_direct_mean": 0.09676581621170044,
    "max_abs_modulation_mean": 1.3570736646652222,
    "auc_delta_q_mean": 25.370681762695312,
    "auc_direct_mean": 1.5324513912200928,
    "auc_modulation_mean": 15.94622802734375,
    "n_trials_total": 256,
    "trial_D_max_median": 0.08431655168533325,
    "trial_D_max_p90": 0.09438133239746094,
    "trial_M_max_median": 1.2608869075775146,
    "trial_M_max_p90": 1.3492016792297363,
    "trial_M_mean_median": 0.35544145107269287,
    "trial_M_mean_p90": 0.41764360666275024,
    "trial_E_max_median": 1.0300908088684082,
    "trial_E_max_p90": 1.0516011714935303,
    "frac_trials_D_above": 1.0,
    "frac_trials_M_above": 1.0,
    "frac_trials_E_above": 1.0
  },
  "eval_metrics": {
    "D_J": 1,
    "M_J": 1,
    "E_J": 1,
    "mechanism_class": "(1,1)",
    "max_abs_delta_q": 1.0568344593048096,
    "mean_abs_delta_q": 0.5175132155418396,
    "auc_delta_q": 25.370681762695312,
    "time_to_divergence_mean": 18.55078125,
    "max_abs_direct": 0.09676581621170044,
    "mean_abs_direct": 0.031086621806025505,
    "auc_direct": 1.5324513912200928,
    "max_abs_modulation": 1.3570736646652222,
    "mean_abs_modulation": 0.33142828941345215,
    "auc_modulation": 15.94622802734375
  }
}