{
  "run_name": "binary__gated__seed3",
  "task": "BinaryCategorizationTask",
  "model": "TwoRegionGatedRNN",
  "seed": 3,
  "best_val_accuracy": 1.0,
  "best_step": 300.0,
  "mechanism_class_mode": "(1,1)",
  "strategy_label": "(1,1)",
  "threshold_robustness": "leaning (1,1)",
  "threshold_robustness_maxmean": "leaning (0,1)",
  "task_profile": {
    "experiment": "binary__gated__seed3",
    "task": "BinaryCategorizationTask",
    "n": 256,
    "primary": "stimulus",
    "outcome": "response",
    "strict": true,
    "d_onset": 14.9,
    "m_onset": 31.3,
    "q_onset": 19.6,
    "uc_raw_d": 0.4681,
    "uc_raw_m": 0.211,
    "uc_d_unique_of_m": 0.6057,
    "uc_d_unique_p": 0.0,
    "uc_m_unique_of_d": -0.2808,
    "uc_m_unique_p": 5e-06
  },
  "mechanism_summary": {
    "experiment": "binary__gated__seed3",
    "task": "BinaryCategorizationTask",
    "model": "TwoRegionGatedRNN",
    "seed": 3,
    "D_J_mean": 1.0,
    "M_J_mean": 1.0,
    "E_J_mean": 1.0,
    "mechanism_class_mode": "(1,1)",
    "mechanism_class_counts": {
      "(1,1)": 1
    },
    "max_abs_delta_q_mean": 1.0798472166061401,
    "max_abs_direct_mean": 0.0945671796798706,
    "max_abs_modulation_mean": 1.8199111223220825,
    "auc_delta_q_mean": 25.74250602722168,
    "auc_direct_mean": 1.080096960067749,
    "auc_modulation_mean": 19.987428665161133,
    "n_trials_total": 256,
    "trial_D_max_median": 0.07561257481575012,
    "trial_D_max_p90": 0.0900188684463501,
    "trial_M_max_median": 1.561272144317627,
    "trial_M_max_p90": 1.7874573469161987,
    "trial_M_mean_median": 0.4308227300643921,
    "trial_M_mean_p90": 0.5491909980773926,
    "trial_E_max_median": 1.0345194339752197,
    "trial_E_max_p90": 1.0672175884246826,
    "frac_trials_D_above": 0.91796875,
    "frac_trials_M_above": 1.0,
    "frac_trials_E_above": 1.0
  },
  "eval_metrics": {
    "D_J": 1,
    "M_J": 1,
    "E_J": 1,
    "mechanism_class": "(1,1)",
    "max_abs_delta_q": 1.0798472166061401,
    "mean_abs_delta_q": 0.5249660611152649,
    "auc_delta_q": 25.74250602722168,
    "time_to_divergence_mean": 18.171875,
    "max_abs_direct": 0.0945671796798706,
    "mean_abs_direct": 0.02180296741425991,
    "auc_direct": 1.080096960067749,
    "max_abs_modulation": 1.8199111223220825,
    "mean_abs_modulation": 0.4154199957847595,
    "auc_modulation": 19.987428665161133
  }
}