{
  "experiment": "binary__gated__seed3",
  "task": "BinaryCategorizationTask",
  "model": "TwoRegionGatedRNN",
  "seed": 3,
  "D_J_mean": 1.0,
  "M_J_mean": 1.0,
  "E_J_mean": 1.0,
  "mechanism_class_mode": "(1,1)",
  "mechanism_class_counts": {
    "(1,1)": 1
  },
  "max_abs_delta_q_mean": 1.0798472166061401,
  "max_abs_direct_mean": 0.0945671796798706,
  "max_abs_modulation_mean": 1.8199111223220825,
  "auc_delta_q_mean": 25.74250602722168,
  "auc_direct_mean": 1.080096960067749,
  "auc_modulation_mean": 19.987428665161133,
  "n_trials_total": 256,
  "trial_D_max_median": 0.07561257481575012,
  "trial_D_max_p90": 0.0900188684463501,
  "trial_M_max_median": 1.561272144317627,
  "trial_M_max_p90": 1.7874573469161987,
  "trial_M_mean_median": 0.4308227300643921,
  "trial_M_mean_p90": 0.5491909980773926,
  "trial_E_max_median": 1.0345194339752197,
  "trial_E_max_p90": 1.0672175884246826,
  "frac_trials_D_above": 0.91796875,
  "frac_trials_M_above": 1.0,
  "frac_trials_E_above": 1.0
}