{
  "experiment": "state_setting__additive__seed2",
  "task": "StateSettingTask",
  "model": "TwoRegionAdditiveRNN",
  "seed": 2,
  "D_J_mean": 1.0,
  "M_J_mean": 1.0,
  "E_J_mean": 1.0,
  "mechanism_class_mode": "(1,1)",
  "mechanism_class_counts": {
    "(1,1)": 1
  },
  "max_abs_delta_q_mean": 2.3915300369262695,
  "max_abs_direct_mean": 0.15229827165603638,
  "max_abs_modulation_mean": 1.8051786422729492,
  "auc_delta_q_mean": 44.78131103515625,
  "auc_direct_mean": 1.7495160102844238,
  "auc_modulation_mean": 18.552885055541992,
  "n_trials_total": 256,
  "trial_D_max_median": 0.07430700957775116,
  "trial_D_max_p90": 0.13326367735862732,
  "trial_M_max_median": 0.9023337364196777,
  "trial_M_max_p90": 1.7143713235855103,
  "trial_M_mean_median": 0.3018110394477844,
  "trial_M_mean_p90": 0.5462889075279236,
  "trial_E_max_median": 1.7771270275115967,
  "trial_E_max_p90": 2.119990110397339,
  "frac_trials_D_above": 0.6796875,
  "frac_trials_M_above": 0.99609375,
  "frac_trials_E_above": 1.0
}