{
  "run_name": "redundant__gated__seed2",
  "task": "RedundantInputControlTask",
  "model": "TwoRegionGatedRNN",
  "seed": 2,
  "best_val_accuracy": 1.0,
  "best_step": 300.0,
  "mechanism_class_mode": "(1,1)",
  "strategy_label": "(1,1)",
  "threshold_robustness": "leaning (0,1)",
  "threshold_robustness_maxmean": "leaning (0,1)",
  "task_profile": {
    "experiment": "redundant__gated__seed2",
    "task": "RedundantInputControlTask",
    "n": 256,
    "primary": "stimulus",
    "outcome": "response",
    "strict": true,
    "d_onset": 14.5,
    "m_onset": 29.2,
    "q_onset": 18.2,
    "uc_raw_d": 0.3944,
    "uc_raw_m": 0.1892,
    "uc_d_unique_of_m": 0.7916,
    "uc_d_unique_p": 0.0,
    "uc_m_unique_of_d": -0.6164,
    "uc_m_unique_p": 0.0
  },
  "mechanism_summary": {
    "experiment": "redundant__gated__seed2",
    "task": "RedundantInputControlTask",
    "model": "TwoRegionGatedRNN",
    "seed": 2,
    "D_J_mean": 1.0,
    "M_J_mean": 1.0,
    "E_J_mean": 1.0,
    "mechanism_class_mode": "(1,1)",
    "mechanism_class_counts": {
      "(1,1)": 1
    },
    "max_abs_delta_q_mean": 1.0036243200302124,
    "max_abs_direct_mean": 0.07426810264587402,
    "max_abs_modulation_mean": 1.6263630390167236,
    "auc_delta_q_mean": 17.79317855834961,
    "auc_direct_mean": 1.6205527782440186,
    "auc_modulation_mean": 19.167266845703125,
    "n_trials_total": 256,
    "trial_D_max_median": 0.06789463758468628,
    "trial_D_max_p90": 0.07192158699035645,
    "trial_M_max_median": 1.370917797088623,
    "trial_M_max_p90": 1.6210342645645142,
    "trial_M_mean_median": 0.4414624571800232,
    "trial_M_mean_p90": 0.5501660108566284,
    "trial_E_max_median": 0.8278249502182007,
    "trial_E_max_p90": 0.8967727422714233,
    "frac_trials_D_above": 0.9921875,
    "frac_trials_M_above": 1.0,
    "frac_trials_E_above": 1.0
  },
  "eval_metrics": {
    "D_J": 1,
    "M_J": 1,
    "E_J": 1,
    "mechanism_class": "(1,1)",
    "max_abs_delta_q": 1.0036243200302124,
    "mean_abs_delta_q": 0.3762185573577881,
    "auc_delta_q": 17.79317855834961,
    "time_to_divergence_mean": 17.66796875,
    "max_abs_direct": 0.07426810264587402,
    "mean_abs_direct": 0.03439139574766159,
    "auc_direct": 1.6205527782440186,
    "max_abs_modulation": 1.6263630390167236,
    "mean_abs_modulation": 0.414015531539917,
    "auc_modulation": 19.167266845703125
  }
}