{
  "run_name": "redundant__additive__seed3",
  "task": "RedundantInputControlTask",
  "model": "TwoRegionAdditiveRNN",
  "seed": 3,
  "best_val_accuracy": 1.0,
  "best_step": 300.0,
  "mechanism_class_mode": "(1,1)",
  "strategy_label": "(1,1)",
  "threshold_robustness": "leaning (1,1)",
  "threshold_robustness_maxmean": "leaning (0,1)",
  "task_profile": {
    "experiment": "redundant__additive__seed3",
    "task": "RedundantInputControlTask",
    "n": 256,
    "primary": "stimulus",
    "outcome": "response",
    "strict": true,
    "d_onset": 13.5,
    "m_onset": 30.1,
    "q_onset": 18.0,
    "uc_raw_d": 0.4987,
    "uc_raw_m": 0.2029,
    "uc_d_unique_of_m": 0.8479,
    "uc_d_unique_p": 0.0,
    "uc_m_unique_of_d": -0.4898,
    "uc_m_unique_p": 0.0
  },
  "mechanism_summary": {
    "experiment": "redundant__additive__seed3",
    "task": "RedundantInputControlTask",
    "model": "TwoRegionAdditiveRNN",
    "seed": 3,
    "D_J_mean": 1.0,
    "M_J_mean": 1.0,
    "E_J_mean": 1.0,
    "mechanism_class_mode": "(1,1)",
    "mechanism_class_counts": {
      "(1,1)": 1
    },
    "max_abs_delta_q_mean": 0.93254554271698,
    "max_abs_direct_mean": 0.08570423722267151,
    "max_abs_modulation_mean": 1.6167726516723633,
    "auc_delta_q_mean": 17.956012725830078,
    "auc_direct_mean": 1.2365272045135498,
    "auc_modulation_mean": 18.617464065551758,
    "n_trials_total": 256,
    "trial_D_max_median": 0.06810912489891052,
    "trial_D_max_p90": 0.08106833696365356,
    "trial_M_max_median": 1.5128636360168457,
    "trial_M_max_p90": 1.5893328189849854,
    "trial_M_mean_median": 0.4320375323295593,
    "trial_M_mean_p90": 0.5192745327949524,
    "trial_E_max_median": 0.8475461006164551,
    "trial_E_max_p90": 0.9005692601203918,
    "frac_trials_D_above": 0.7109375,
    "frac_trials_M_above": 1.0,
    "frac_trials_E_above": 1.0
  },
  "eval_metrics": {
    "D_J": 1,
    "M_J": 1,
    "E_J": 1,
    "mechanism_class": "(1,1)",
    "max_abs_delta_q": 0.93254554271698,
    "mean_abs_delta_q": 0.37913012504577637,
    "auc_delta_q": 17.956012725830078,
    "time_to_divergence_mean": 16.84375,
    "max_abs_direct": 0.08570423722267151,
    "mean_abs_direct": 0.02609200030565262,
    "auc_direct": 1.2365272045135498,
    "max_abs_modulation": 1.6167726516723633,
    "mean_abs_modulation": 0.4032708704471588,
    "auc_modulation": 18.617464065551758
  }
}