{
  "experiment": "redundant__additive__seed3",
  "task": "RedundantInputControlTask",
  "model": "TwoRegionAdditiveRNN",
  "seed": 3,
  "D_J_mean": 1.0,
  "M_J_mean": 1.0,
  "E_J_mean": 1.0,
  "mechanism_class_mode": "(1,1)",
  "mechanism_class_counts": {
    "(1,1)": 1
  },
  "max_abs_delta_q_mean": 0.93254554271698,
  "max_abs_direct_mean": 0.08570423722267151,
  "max_abs_modulation_mean": 1.6167726516723633,
  "auc_delta_q_mean": 17.956012725830078,
  "auc_direct_mean": 1.2365272045135498,
  "auc_modulation_mean": 18.617464065551758,
  "n_trials_total": 256,
  "trial_D_max_median": 0.06810912489891052,
  "trial_D_max_p90": 0.08106833696365356,
  "trial_M_max_median": 1.5128636360168457,
  "trial_M_max_p90": 1.5893328189849854,
  "trial_M_mean_median": 0.4320375323295593,
  "trial_M_mean_p90": 0.5192745327949524,
  "trial_E_max_median": 0.8475461006164551,
  "trial_E_max_p90": 0.9005692601203918,
  "frac_trials_D_above": 0.7109375,
  "frac_trials_M_above": 1.0,
  "frac_trials_E_above": 1.0
}