{
  "run_name": "redundant__gated__seed3",
  "task": "RedundantInputControlTask",
  "model": "TwoRegionGatedRNN",
  "seed": 3,
  "best_val_accuracy": 1.0,
  "best_step": 300.0,
  "mechanism_class_mode": "(1,1)",
  "strategy_label": "(1,1)",
  "threshold_robustness": "leaning (1,1)",
  "threshold_robustness_maxmean": "leaning (0,1)",
  "task_profile": {
    "experiment": "redundant__gated__seed3",
    "task": "RedundantInputControlTask",
    "n": 256,
    "primary": "stimulus",
    "outcome": "response",
    "strict": true,
    "d_onset": 14.4,
    "m_onset": 29.3,
    "q_onset": 18.6,
    "uc_raw_d": 0.6041,
    "uc_raw_m": 0.2436,
    "uc_d_unique_of_m": 0.7195,
    "uc_d_unique_p": 0.0,
    "uc_m_unique_of_d": -0.3562,
    "uc_m_unique_p": 0.0
  },
  "mechanism_summary": {
    "experiment": "redundant__gated__seed3",
    "task": "RedundantInputControlTask",
    "model": "TwoRegionGatedRNN",
    "seed": 3,
    "D_J_mean": 1.0,
    "M_J_mean": 1.0,
    "E_J_mean": 1.0,
    "mechanism_class_mode": "(1,1)",
    "mechanism_class_counts": {
      "(1,1)": 1
    },
    "max_abs_delta_q_mean": 0.9893220663070679,
    "max_abs_direct_mean": 0.10761392116546631,
    "max_abs_modulation_mean": 1.4933992624282837,
    "auc_delta_q_mean": 20.644657135009766,
    "auc_direct_mean": 1.054123878479004,
    "auc_modulation_mean": 18.10617446899414,
    "n_trials_total": 256,
    "trial_D_max_median": 0.0849631130695343,
    "trial_D_max_p90": 0.10090801119804382,
    "trial_M_max_median": 1.3262261152267456,
    "trial_M_max_p90": 1.4876587390899658,
    "trial_M_mean_median": 0.40299147367477417,
    "trial_M_mean_p90": 0.5302038788795471,
    "trial_E_max_median": 0.9329063892364502,
    "trial_E_max_p90": 0.9505085945129395,
    "frac_trials_D_above": 1.0,
    "frac_trials_M_above": 1.0,
    "frac_trials_E_above": 1.0
  },
  "eval_metrics": {
    "D_J": 1,
    "M_J": 1,
    "E_J": 1,
    "mechanism_class": "(1,1)",
    "max_abs_delta_q": 0.9893220663070679,
    "mean_abs_delta_q": 0.4372479021549225,
    "auc_delta_q": 20.644657135009766,
    "time_to_divergence_mean": 17.2734375,
    "max_abs_direct": 0.10761392116546631,
    "mean_abs_direct": 0.022087665274739265,
    "auc_direct": 1.054123878479004,
    "max_abs_modulation": 1.4933992624282837,
    "mean_abs_modulation": 0.39055147767066956,
    "auc_modulation": 18.10617446899414
  }
}