{
  "run_name": "redundant__additive__seed2",
  "task": "RedundantInputControlTask",
  "model": "TwoRegionAdditiveRNN",
  "seed": 2,
  "best_val_accuracy": 1.0,
  "best_step": 300.0,
  "mechanism_class_mode": "(1,1)",
  "strategy_label": "(1,1)",
  "threshold_robustness": "leaning (0,1)",
  "threshold_robustness_maxmean": "leaning (0,1)",
  "task_profile": {
    "experiment": "redundant__additive__seed2",
    "task": "RedundantInputControlTask",
    "n": 256,
    "primary": "stimulus",
    "outcome": "response",
    "strict": true,
    "d_onset": 14.4,
    "m_onset": 29.1,
    "q_onset": 17.8,
    "uc_raw_d": 0.3128,
    "uc_raw_m": 0.1679,
    "uc_d_unique_of_m": 0.7552,
    "uc_d_unique_p": 0.0,
    "uc_m_unique_of_d": -0.6084,
    "uc_m_unique_p": 0.0
  },
  "mechanism_summary": {
    "experiment": "redundant__additive__seed2",
    "task": "RedundantInputControlTask",
    "model": "TwoRegionAdditiveRNN",
    "seed": 2,
    "D_J_mean": 1.0,
    "M_J_mean": 1.0,
    "E_J_mean": 1.0,
    "mechanism_class_mode": "(1,1)",
    "mechanism_class_counts": {
      "(1,1)": 1
    },
    "max_abs_delta_q_mean": 0.874862790107727,
    "max_abs_direct_mean": 0.07547271251678467,
    "max_abs_modulation_mean": 0.9911746978759766,
    "auc_delta_q_mean": 13.462867736816406,
    "auc_direct_mean": 1.6224853992462158,
    "auc_modulation_mean": 13.356225967407227,
    "n_trials_total": 256,
    "trial_D_max_median": 0.07362863421440125,
    "trial_D_max_p90": 0.07500502467155457,
    "trial_M_max_median": 0.9258641004562378,
    "trial_M_max_p90": 0.976634681224823,
    "trial_M_mean_median": 0.31181269884109497,
    "trial_M_mean_p90": 0.34096986055374146,
    "trial_E_max_median": 0.7362000942230225,
    "trial_E_max_p90": 0.8206901550292969,
    "frac_trials_D_above": 0.99609375,
    "frac_trials_M_above": 1.0,
    "frac_trials_E_above": 1.0
  },
  "eval_metrics": {
    "D_J": 1,
    "M_J": 1,
    "E_J": 1,
    "mechanism_class": "(1,1)",
    "max_abs_delta_q": 0.874862790107727,
    "mean_abs_delta_q": 0.2832695245742798,
    "auc_delta_q": 13.462867736816406,
    "time_to_divergence_mean": 17.078125,
    "max_abs_direct": 0.07547271251678467,
    "mean_abs_direct": 0.03436507657170296,
    "auc_direct": 1.6224853992462158,
    "max_abs_modulation": 0.9911746978759766,
    "mean_abs_modulation": 0.28718382120132446,
    "auc_modulation": 13.356225967407227
  }
}