{
  "run_name": "delayed__gated__seed2",
  "task": "DelayedCategorizationTask",
  "model": "TwoRegionGatedRNN",
  "seed": 2,
  "best_val_accuracy": 1.0,
  "best_step": 300.0,
  "mechanism_class_mode": "(0,1)",
  "strategy_label": "(0,1)",
  "threshold_robustness": "robust (0,1)",
  "threshold_robustness_maxmean": "robust (0,1)",
  "task_profile": {
    "experiment": "delayed__gated__seed2",
    "task": "DelayedCategorizationTask",
    "n": 256,
    "primary": "stimulus",
    "outcome": "response",
    "strict": true,
    "d_onset": 21.8,
    "m_onset": 39.8,
    "q_onset": 25.9,
    "uc_raw_d": 0.1533,
    "uc_raw_m": 0.2019,
    "uc_d_unique_of_m": -0.3561,
    "uc_d_unique_p": 0.0,
    "uc_m_unique_of_d": 0.3501,
    "uc_m_unique_p": 0.0
  },
  "mechanism_summary": {
    "experiment": "delayed__gated__seed2",
    "task": "DelayedCategorizationTask",
    "model": "TwoRegionGatedRNN",
    "seed": 2,
    "D_J_mean": 0.0,
    "M_J_mean": 1.0,
    "E_J_mean": 1.0,
    "mechanism_class_mode": "(0,1)",
    "mechanism_class_counts": {
      "(0,1)": 1
    },
    "max_abs_delta_q_mean": 1.0254733562469482,
    "max_abs_direct_mean": 0.03612935543060303,
    "max_abs_modulation_mean": 1.1729565858840942,
    "auc_delta_q_mean": 32.31004333496094,
    "auc_direct_mean": 0.588661789894104,
    "auc_modulation_mean": 15.729405403137207,
    "n_trials_total": 256,
    "trial_D_max_median": 0.03103002905845642,
    "trial_D_max_p90": 0.03488755226135254,
    "trial_M_max_median": 0.7486610412597656,
    "trial_M_max_p90": 1.1603602170944214,
    "trial_M_mean_median": 0.24577894806861877,
    "trial_M_mean_p90": 0.3569248914718628,
    "trial_E_max_median": 1.010056972503662,
    "trial_E_max_p90": 1.0156689882278442,
    "frac_trials_D_above": 0.0,
    "frac_trials_M_above": 1.0,
    "frac_trials_E_above": 1.0
  },
  "eval_metrics": {
    "D_J": 0,
    "M_J": 1,
    "E_J": 1,
    "mechanism_class": "(0,1)",
    "max_abs_delta_q": 1.0254733562469482,
    "mean_abs_delta_q": 0.5047634243965149,
    "auc_delta_q": 32.31004333496094,
    "time_to_divergence_mean": 24.4609375,
    "max_abs_direct": 0.03612935543060303,
    "mean_abs_direct": 0.009113658219575882,
    "auc_direct": 0.588661789894104,
    "max_abs_modulation": 1.1729565858840942,
    "mean_abs_modulation": 0.2488505095243454,
    "auc_modulation": 15.729405403137207
  }
}