{
  "D_J": 1,
  "M_J": 1,
  "E_J": 1,
  "mechanism_class": "(1,1)",
  "max_abs_delta_q": 2.1109426021575928,
  "mean_abs_delta_q": 0.6336894035339355,
  "auc_delta_q": 42.64118194580078,
  "time_to_divergence_mean": 16.6171875,
  "max_abs_direct": 0.14554625749588013,
  "mean_abs_direct": 0.02358766831457615,
  "auc_direct": 1.599015712738037,
  "max_abs_modulation": 1.896032691001892,
  "mean_abs_modulation": 0.24712133407592773,
  "auc_modulation": 16.49434471130371
}