{
  "experiment": "state_setting__additive__seed1",
  "task": "StateSettingTask",
  "model": "TwoRegionAdditiveRNN",
  "seed": 1,
  "D_J_mean": 1.0,
  "M_J_mean": 1.0,
  "E_J_mean": 1.0,
  "mechanism_class_mode": "(1,1)",
  "mechanism_class_counts": {
    "(1,1)": 1
  },
  "max_abs_delta_q_mean": 2.1109426021575928,
  "max_abs_direct_mean": 0.14554625749588013,
  "max_abs_modulation_mean": 1.896032691001892,
  "auc_delta_q_mean": 42.64118194580078,
  "auc_direct_mean": 1.599015712738037,
  "auc_modulation_mean": 16.49434471130371,
  "n_trials_total": 256,
  "trial_D_max_median": 0.07777835428714752,
  "trial_D_max_p90": 0.11021450161933899,
  "trial_M_max_median": 0.6024527549743652,
  "trial_M_max_p90": 1.8393889665603638,
  "trial_M_mean_median": 0.19580355286598206,
  "trial_M_mean_p90": 0.6556551456451416,
  "trial_E_max_median": 1.1716521978378296,
  "trial_E_max_p90": 2.025418758392334,
  "frac_trials_D_above": 0.75,
  "frac_trials_M_above": 1.0,
  "frac_trials_E_above": 1.0
}